Brand,PF
3M,OHL
4F,OHL
4FIZJO,OHL
4Step,OHL
4Swiss,OHL
51 Feed,Consumables
6PAK Nutrition,OHL
70Mai,TCEE
7mai,TCEE
? ?koholicy,OHL
?pijZdrowo,OHL
?ucznik,OHL
?wiateka,OHL
AA Wings of Color,OHL
AAVALABS,Consumables
AB,OHL
ACTi,OHL
ADBL,Consumables
ADLER,OHL
AGP,OHL
AJKmeble,OHL
ALLDEYNN,OHL
ALLNOEL,OHL
ALLboards,TCEE
ALPHA,OHL
AMD,OHL
ANBERNIC,TCEE
ANCEL,OHL
AOC,TCEE
ARSA GO,OHL
ASG,OHL
ASRock,OHL
ASUS,OHL
AUTOXSCAN,OHL
AZENO,OHL
AZS-ENGINEERING,OHL
Aba group,OHL
Aba?ury-Krystyna,OHL
AbarQs,OHL
Aboca,OHL
Abrams,OHL
Abtei,Consumables
Acana,Consumables
Accu-Chek,OHL
Acer,TCEE
Acne-Derm,OHL
Activ/Space,OHL
Active Hobby,OHL
Activeshop,OHL
Activision Blizzard,OHL
Acuvue,OHL
Adamed,OHL
Adata,TCEE
Adelid,OHL
Adidas,Softlines
Adler Europe,OHL
Aflofarm,OHL
Afnan,Consumables
Afriso,OHL
Aga,Consumables
Agnex,OHL
Agromen,Consumables
Aigostar,OHL
Air Essence,OHL
Air Wick,OHL
Airrex,OHL
Aiwa,TCEE
Ajona Stomaticum,OHL
Akai,Softlines
Akord,OHL
Akuku,Softlines
Akuna,Consumables
Al Wataniah,Consumables
Albi,OHL
Alcolife,OHL
Alcon,OHL
Alcotec,OHL
Alesis,OHL
Alexander,OHL
Aliness,OHL
AllBoards,TCEE
Allbag,Consumables
Allnutrition,OHL
Allpowers,OHL
Allwaves,Consumables
Almirall,OHL
Almusso,OHL
Alpa,OHL
Alpako,OHL
Alpen Camping,OHL
AlpenTent,OHL
Alpha Spirit,Consumables
AlphaCar,OHL
Alpi Meble,OHL
Alpine,TCEE
Alpro,OHL
Aluthermo,OHL
Amazfit,TCEE
Amazon,TCEE
Amica,OHL
Amio,OHL
Amper,OHL
Ampere,OHL
Ampere Point,OHL
Amway Home,OHL
Anbernic,OHL
Anex,OHL
Angelcare,Consumables
Animal Food,OHL
Animal Island,Consumables
Anker,OHL
Ankon,OHL
Anthyllis,OHL
Anwen,OHL
Anycubic,TCEE
Apacare,OHL
Apiarium,OHL
Appio,OHL
Apple,OHL
Aptel,Consumables
Aqara,OHL
Aquael,TCEE
Aquafilter,OHL
Aquafit,OHL
Aquaphor,OHL
Arbiton,OHL
Archoil,OHL
Archon Studio,OHL
Argo,OHL
Ariel,OHL
Ariete,OHL
Arion,OHL
Aristo,OHL
Ariston,OHL
Arkada,OHL
Armaf,Consumables
Armani,Consumables
Aromase,OHL
Aromatly,OHL
Arpon,OHL
Arquivet,Consumables
Art-Trans,OHL
ArtGlob,OHL
Artego,OHL
Artsezon,Consumables
Artsport,OHL
Artus,OHL
Asaka,OHL
Asato,TCEE
Asert,TCEE
Askato,OHL
Asrock,OHL
Astra,Consumables
Astron,OHL
Asus,TCEE
Atemi,OHL
Athletic,OHL
Atlas,OHL
Atota,OHL
Attabo,OHL
Audio-Technica,TCEE
Aurora,Consumables
Aurovitas,OHL
Aurovitas Pharma,OHL
Ausom,OHL
Austone,OHL
Autel,OHL
Auto Gamma,OHL
AutoXscan,OHL
Autoled24,OHL
Autool,OHL
Avalanche Software,OHL
Avalon Hill,OHL
Avene,OHL
Avent,OHL
Avon,Consumables
B.Braun,OHL
BACscan,OHL
BAYER,OHL
BD,OHL
BE-ACTIVE,OHL
BES-POL,Softlines
BESTEN,OHL
BFGoodrich,OHL
BIC,OHL
BIGSTREN,TCEE
BJC,OHL
BMW OE,OHL
BOSKO,OHL
BSG,OHL
BaByliss,OHL
Babuszka Agafia,OHL
Baby Born,OHL
BabySense,TCEE
Babyliss,OHL
Babystart,OHL
Bacscan,OHL
Bagia,OHL
Bakaliowa Dolina,OHL
Balja,OHL
Ballistol Klever,OHL
Bambino,OHL
Bambo Nature,Consumables
Bambu Lab,TCEE
Bandai Namco,OHL
Bankietowo,OHL
Bantex,OHL
Barbie,OHL
Bartek,Softlines
Bartex,OHL
Bartimex,OHL
Barum,OHL
Baseus,OHL
Basiclab,OHL
Baufol,OHL
Bauhus,OHL
Baukrane,OHL
Baulich,OHL
Bausch,OHL
Bausch&Lomb,OHL
Bayer,OHL
Bazar Zdrowia,OHL
Bazyl,OHL
Bazzara,Consumables
Beauty Fabric,Consumables
Beauty Limited,OHL
Beauty System,OHL
Bebiko,OHL
Bebilon,OHL
Beckers,OHL
Bedee,TCEE
Begris,OHL
Behringer,OHL
Beko,OHL
Belini,OHL
Bella,OHL
Bella Baby Happy,Consumables
Beon,OHL
Bepanthen,OHL
Berdsen,OHL
Beretta,OHL
Berge,OHL
Berhard,OHL
Berlinger,OHL
Berner,OHL
Besen,OHL
Best,OHL
Best Lab,OHL
Bester,OHL
Bestlift,OHL
Betatex,OHL
Betlewski,OHL
BetterMe,OHL
Beurer,OHL
Bia?y Jele?,OHL
Bihui,OHL
Bikor,OHL
Bio Herbs,OHL
Bio-Oil,Consumables
Bio7,OHL
BioFeed,Consumables
BioGaia,OHL
BioRepair,OHL
BioStar,OHL
BioTab,OHL
Biobakt,OHL
Biocodex,OHL
Bioderma,OHL
Biofinity,OHL
Biolit,OHL
Biomed,OHL
Biopol,OHL
Biorepair,OHL
Bioswena,OHL
Biotebal,OHL
Biotech,OHL
Biovico,OHL
Bispol,OHL
Bitmat,OHL
Bitzee,OHL
Black,OHL
Blaupunkt,OHL
BlendyGo,OHL
Bloom,OHL
Blossom,OHL
Blow,OHL
Blue Cap,OHL
Blue Orca,Consumables
Blue Orca Coffee,Consumables
Blue Technology,OHL
Bluebox,OHL
Bluey,OHL
Bob Snail,OHL
Boboq,OHL
Bobovita,OHL
Body Art,OHL
Bodymax,Consumables
Bojanek,OHL
Boll,OHL
Bomann,OHL
Borniak,OHL
Borygo,OHL
Bosch,OHL
Bose,TCEE
Boste,OHL
Bostik,OHL
Bourjois,OHL
Bowers & Wilkins,OHL
Boxer,OHL
Braun,OHL
Breville,TCEE
Bridgestone,OHL
Bright White,OHL
Brit,OHL
Brita,OHL
Britax R mer,OHL
Brodli,OHL
Brogaz,OHL
Bros,OHL
Brother,TCEE
Browin,OHL
Brubeck,OHL
Bruder,OHL
Bryza,OHL
Busajna,OHL
Butcher'S,Consumables
Butcher's,Consumables
CASIO,OHL
CATLINK,OHL
CD Projekt RED,OHL
CHiQ,TCEE
COBBO Robotics,OHL
Cafe Sati,Consumables
Cafissimo,OHL
Calitti,OHL
Callimed,OHL
Calvin Klein,OHL
Came,TCEE
Camry,OHL
Canaveral,OHL
Candy,OHL
Canon,OHL
Canpol,OHL
Canun,Consumables
Capricare,OHL
Caputo,OHL
Carcommerce,OHL
Cardo,OHL
Care Life,OHL
Caricol,OHL
Carmax,OHL
Carolina Herrera,Consumables
Carousel Coffee,Consumables
Carruzzo,OHL
Casio,OHL
Caso Design,OHL
Castelo,OHL
Castrol,OHL
Cat'S Best,OHL
Cat's Best,OHL
CatWalk,OHL
Cata,OHL
Catan,OHL
Cats Best,OHL
Ceat,OHL
Cece of Sweden,OHL
Cedrus,OHL
Cell Fusion C,OHL
Cellfast,OHL
Center-Flex,OHL
CentrumNaklejek,OHL
CeraVe,OHL
Ceramikker,OHL
Ceramizator,TCEE
Ceramizer,TCEE
Cerave,OHL
Ceresit,OHL
Cetaphil,OHL
Champion,OHL
Chanel,Consumables
Chappi,Consumables
Chemia Bomar,OHL
Chemikal Polska,OHL
Chovery,OHL
Cisowianka,OHL
Claresa,OHL
Clavier,OHL
CleanTEC,OHL
Cleantle,TCEE
Clementoni,OHL
Cleo,OHL
Cleverclixx,OHL
Climative,OHL
Clinex,OHL
Cliver,OHL
Cloud,OHL
Clovin,OHL
Cobi,OHL
Coca-Cola,OHL
Coccine,OHL
Coccolino,OHL
Coconaut,OHL
Colon,Consumables
Colostrum Polska,OHL
Colt,OHL
Comfee,OHL
Command,OHL
Compex,OHL
Complex-Partner,OHL
Concept 2,OHL
Concordia,OHL
Connetix,OHL
Contigo,OHL
Continental,OHL
Contipro,OHL
Contour,OHL
Corciano,OHL
Corega,OHL
Cormak,OHL
Corsair,TCEE
Cortina,OHL
Cosori,TCEE
Cosrx,TCEE
Costa,Consumables
CottonMoose,OHL
CraftCleaners,OHL
Craftman,OHL
Creality,OHL
Cronen,OHL
Cronos,OHL
Crucial,TCEE
Crys-X,OHL
Ctek,OHL
Cuba,OHL
Cubot,OHL
Cudy,OHL
Curaprox,OHL
Curasept,OHL
Cybex,OHL
Cztery ?apy,Consumables
D-Lux,OHL
D?bica,OHL
DAMIX,OHL
DARFOR,OHL
DBX BUSHIDO,OHL
DEDAKJ,OHL
DEKO,OHL
DESEO,OHL
DIAGCOM,OHL
DIATOMIT,OHL
DJI,OHL
DMF,OHL
DNA Professional,OHL
DRMZ,TCEE
DVS,TCEE
DX2,OHL
DYMBOX,OHL
Dada,OHL
Daewoo,OHL
Dafi,OHL
Dahua,TCEE
Daiwa,OHL
Dallmayr,Consumables
Dam,OHL
Dany Meble,OHL
Davidoff,Consumables
Davines,OHL
De Dietrich,OHL
De Heus,Consumables
De'Longhi,OHL
DeWalt,OHL
Deccart,OHL
Dechra,OHL
Decorati,Consumables
Decortrend,OHL
Dedra,OHL
Deenzy,OHL
Deeper,OHL
Defro,OHL
DekoracjeNaTort,OHL
Delecta,OHL
Dell,OHL
Delonghi,OHL
Delphi tools,OHL
Demon,OHL
Demoxoft,OHL
Denon,OHL
DentiPro,OHL
Dermedic,OHL
Dermz,Consumables
Desmal,OHL
Dewalt,OHL
Dexeryl,OHL
Dexter,Consumables
Deye,OHL
Dezal,OHL
Dezal-Pro,OHL
Diablo,OHL
Dickie Toys,TCEE
Didibaby,OHL
Dilmah,OHL
Dino,Consumables
Diolut,OHL
Dior,Consumables
Disney,OHL
Divinus,Consumables
Doktor O'grodnik,OHL
Dolce Gusto,OHL
Dolfos,Consumables
Dolina Noteci,Consumables
Domatorski,OHL
Domestos,OHL
Dometic,OHL
Dooc,OHL
Doppelherz,OHL
Doris,OHL
Douglas,OHL
Dr. Jacob's Medical,Consumables
Dr. Mercola,Consumables
Dr.Jart+,TCEE
Drager,OHL
Dragon,OHL
Dreame,OHL
Dreamies,OHL
Dreft,OHL
Dresdner Essenz,Consumables
Drewmart,OHL
Dro-masz,OHL
Dromader,OHL
Drukant,OHL
Ducray,OHL
Dulux,OHL
Dumel,OHL
Dunlop,Softlines
DuoLife,Consumables
Duracell,OHL
Durex,OHL
Dutch Therapy,OHL
Dyson,OHL
Dzidziu?,OHL
E-Pack,OHL
E-Sezon,OHL
E.Wedel,OHL
EBERG,OHL
EM Automotive,OHL
ENGO,OHL
ENTitis,OHL
ERG-BET,OHL
ESAB,OHL
EVI,OHL
Easy Candle,OHL
Eaton,OHL
Eberg,OHL
Ecoflow,OHL
Ecogene,OHL
Ecomill,OHL
Ecovacs,OHL
Edaxe,OHL
Eden,OHL
Edger,OHL
Eduscho,Consumables
Egis,OHL
Egmont,OHL
Ei system,TCEE
EkaMedica,OHL
Eko-Higiena,Consumables
Ekopasz Hajn wka,OHL
Ekototu,OHL
Ekspand,Consumables
Elbrus,OHL
Electo,OHL
Electro Chem,OHL
Electrolux,OHL
Electronic Arts Inc.,Softlines
Elegoo,TCEE
Elektrobim,TCEE
Elektrokabel,OHL
Elektrostatyk,OHL
Elf,OHL
Elgydium,OHL
Elica,OHL
Elite,OHL
Eliton,OHL
Elixir,OHL
Elko-Lighting,OHL
Elmex,OHL
Eloderm,OHL
Eludril,OHL
Emolium,OHL
Emprez,OHL
Enbio,OHL
Eneloop,OHL
Energizer,OHL
Engler,OHL
Epee,OHL
Epson,OHL
Equazen,OHL
Erborian,OHL
Ergovent,TCEE
Ero-Bull,OHL
Esab,OHL
Esperanza,OHL
Essensey,OHL
Essential Parfums,OHL
Est e Lauder,OHL
Estadi,OHL
Etika,OHL
Eukanuba,Consumables
Eura-Tech,OHL
Euro Craft,OHL
Eurogold,OHL
Eurokomp,OHL
Eurotec,OHL
Eurotel,OHL
Eurovent,OHL
Eveline Cosmetics,OHL
Eversolo,OHL
Evimax Vega,OHL
Evolution,OHL
Excellence,OHL
Excellent,OHL
Exide,OHL
Eyfel,OHL
Ezviz,OHL
FAKRO,OHL
FARCHIONI,OHL
FDM,OHL
FIDIA,OHL
FIT-NET,OHL
FLAEM,OHL
FLOXER,OHL
FUGERT,OHL
FUMO,OHL
FX Protect,OHL
Faac,OHL
Factoryherbs,OHL
Fairy,OHL
Falken,OHL
Fanfaro,OHL
Fanola,OHL
Faq,OHL
Farma Bia?ka,OHL
Farmapol,OHL
Farmasi,OHL
Farmina,Consumables
Farys,OHL
Fasmax,OHL
Faworyt,OHL
Feegar,OHL
Felix,Consumables
Fellowes,OHL
Fenda,OHL
Feniks,OHL
Fenix,OHL
FenixKS,TCEE
Ferrero,OHL
Ferroli,OHL
Festool,OHL
Fiido,OHL
Finish,OHL
Firestone,OHL
First Austria,OHL
Fisher Price,OHL
Fisher-Price,OHL
Fiskars,OHL
FitbyMed,OHL
Fitli,OHL
Fitmin,Consumables
FiveStars,OHL
Flaem,OHL
Flama,OHL
Flex,OHL
Flipper Zero,OHL
FloraZoo,Consumables
Floxer,OHL
Flumi,OHL
Fluorecare,OHL
Flytec,OHL
Fnirsi,OHL
Focusrite,TCEE
Fogo,OHL
Fome Flex,OHL
FoodSaver,Consumables
ForMeds,Consumables
Force,TCEE
Forch,OHL
Forest Vitamin,OHL
Foresto,OHL
Forever,OHL
Forever Living,Consumables
Fort,Consumables
Forte,OHL
Fotobum,OHL
Fox,OHL
Foxsur,OHL
Foxy,OHL
Framire,OHL
FreeStyle,TCEE
Freedconn,OHL
Freestyle,OHL
French Avenue,OHL
Freshtek,OHL
Fresso,Consumables
Frischer,OHL
Frischer Professional,OHL
Friskies,OHL
Fristom,OHL
Frolic,Consumables
FromSoftware,OHL
Frosch,OHL
Fuchs,OHL
Fujifilm,OHL
Full Power,OHL
Fundacja Braterska,OHL
Funfit,Consumables
Funko,OHL
Furby,OHL
Fushi,OHL
G tze & Jensen,OHL
GALAXIA,OHL
GC,OHL
GC Tooth Mousse,OHL
GDD,OHL
GENBLU,OHL
GIANTS Software,OHL
GL CKSTOFF,OHL
GM,OHL
GP,OHL
GRAFJET,OHL
GSC Game World,OHL
GTV,OHL
GYS,OHL
Ga?-Gum,OHL
Gabby'S Dollhouse,OHL
Gabby's Dollhouse,OHL
Gainward,OHL
Galaxia,OHL
Galmet,OHL
Gama,TCEE
Game Dog,OHL
Games Workshop,OHL
GardenPharm,Consumables
Gardena,OHL
Garett,TCEE
Garmin,Softlines
Gc Tooth Mousse,OHL
Geberit,OHL
Geek & Gorgeous,OHL
Genius,OHL
Gerlach,OHL
German,Consumables
Germann,OHL
Gevalia,Consumables
Gigabyte,OHL
Gillette,OHL
Gimoka,Consumables
Gisam,OHL
Gl ckstoff,OHL
Glenmark,OHL
Glibert,OHL
Glimmerstone,OHL
Global Food,OHL
Global Food Hygiene,OHL
Gmktec,TCEE
GoDan,OHL
GoPro,TCEE
Gockowiak,OHL
Gold,OHL
Gold Dog,Consumables
Golddoor,OHL
Golden Pharm,OHL
Golden Tools,OHL
Goldwell,OHL
Goliat,OHL
Goliath,OHL
Goliath Games,OHL
GoodMajster,OHL
GoodMajster Machinery,OHL
Goodram,TCEE
Goodride,OHL
Goodyear,OHL
Google,OHL
Gopro,Softlines
Gorenje,OHL
Gorvita,OHL
GorzkoiSlodko,OHL
Gourmet,OHL
Gourmet Perle,Consumables
Gp,OHL
Graco,OHL
Grafen,OHL
Granitan,OHL
Granna,OHL
Granum,OHL
Gre-Max,OHL
Green Cell,OHL
Green Essence,OHL
Green Oro,OHL
Green Touch,OHL
Grohe,OHL
Grubber,OHL
Grundfos,OHL
Grupa Inco,OHL
Grzybek,OHL
Guillin,OHL
Gwiazdoholik,OHL
Gymtek,OHL
HELPA,OHL
HEVA,OHL
HIGI24,OHL
HIPPOVET Pharmacy,Consumables
HMS,OHL
HORI,TCEE
HP,OHL
HS,OHL
HUMBERG,OHL
Hager,OHL
Haier,OHL
Hammer,TCEE
Hangar 13,OHL
Hankook,OHL
Hans,OHL
Happy Home,OHL
HardMaister,OHL
Haribo,OHL
Hasbro,OHL
Hasco-Lek,OHL
Hatsan,OHL
HauMiau,Consumables
Haxe,OHL
Head & Shoulders,OHL
Health Labs Care,OHL
Hebar,OHL
Hecadi,OHL
Heckermann,OHL
Heckmann,OHL
Heelly,TCEE
Hefajstos,OHL
Heisberg,OHL
Hello Case,OHL
Hendi,OHL
Hertz-Fitness,OHL
Herz Medical Instruments,OHL
HiTec Nutrition,TCEE
Hiflofiltro,OHL
Higher,OHL
Hikmicro,TCEE
Hikoki,OHL
Hikvision,TCEE
Hilding,OHL
Hill's,Consumables
Himalaya,OHL
Hipp,OHL
Hippocampus,OHL
Hisense,OHL
Hizero,OHL
Hobot,OHL
Hoegert Technik,OHL
Hoernecke,OHL
Hoffner,OHL
Holika Holika,OHL
Holzstar,OHL
Homatics,TCEE
Honda,OHL
Honiton,OHL
Honor,TCEE
Hop-Sport,OHL
Hortmasz,OHL
Hot Wheels,OHL
Hsm,OHL
Huawei,TCEE
Huggies,Consumables
Hugo Boss,OHL
Humberg,OHL
Hummer,Consumables
Husqvarna,OHL
I&KK,OHL
IBO,OHL
IDEAL,OHL
IKEA,OHL
IMOUM,OHL
INDEX BHP,OHL
INTERBEDS,OHL
IUVI Games,TCEE
IdeaMeb,OHL
Idee Kaffee,Consumables
Iiyama,TCEE
Ikea,OHL
Ikonka,OHL
Illy,Consumables
Imatrix,OHL
Immergas,TCEE
Immortal Nutrition,TCEE
Imou,OHL
Impor,OHL
Indo,TCEE
Inno3D,OHL
Innotec,OHL
Innvigo,OHL
Insomniac Games,OHL
Inspirum,OHL
Insport Nutrition,OHL
Insta360,TCEE
Instax,OHL
Intel,TCEE
Intex,OHL
Invex Remedies,Consumables
Invital,OHL
Iodica,OHL
Irobot,OHL
Ironpack,OHL
Iso Trade,OHL
Italform,Consumables
Iwetta,Consumables
Izoxis,OHL
JBL,OHL
JCB,OHL
JFC,OHL
JG Smart,TCEE
JSM FITNESS,OHL
JYIPure,OHL
Jacobs,Consumables
JadorDecor,OHL
Jager German,OHL
Jaguar,OHL
Jana,OHL
Janome,OHL
Jestic,OHL
Jimmy,OHL
John Cotton,OHL
John Dog,OHL
Johnson & Johnson,OHL
Joie,OHL
Jokomisiada,OHL
Joroto,OHL
Josera,Consumables
Jumbo,OHL
Junkers,OHL
Jura,OHL
K nner & S hnen,OHL
K rastase,OHL
K rcher,OHL
K&K Herbal,OHL
K&S Basic,OHL
K-SPORT,OHL
K-Sport,OHL
K2,OHL
KFD,TCEE
KIMKE PROFFESIONAL,OHL
KOMFIG,OHL
KRAKEN,OHL
KREOleo,OHL
KUDDA,OHL
Kaczory,OHL
Kadax,OHL
KailaArt,OHL
Kaisai,OHL
Kaja,OHL
Kalorik,OHL
Kam-Przyczepki,OHL
Kambukka,OHL
Kamikaze,OHL
Kamille,OHL
Kaminer,OHL
Kan-therm,OHL
Kangur,OHL
Kanza,TCEE
Karama,TCEE
Karcher,OHL
Karex,Consumables
Karl Hausmann,OHL
Karty Grabowskiego,OHL
Katadyn,Consumables
Katarek,OHL
Katrin,OHL
Kattovit,OHL
Kenay,OHL
Kendamil,OHL
Kenwood,OHL
Kerastase,OHL
Kerch,OHL
Kernel,OHL
Keter,OHL
Keto Centrum,OHL
Kiano,OHL
Kidde,OHL
Kimbo,Consumables
Kinder,OHL
Kinderkraft,OHL
Kinderplay,OHL
Kindii,Consumables
Kindle,OHL
KingSmith,OHL
Kingbolen,OHL
Kingspan,OHL
Kingston,TCEE
Kioxia,TCEE
Kistenberg,OHL
KitchenAid,OHL
Klar,OHL
Klarta,OHL
Klarwod,OHL
Klasek,OHL
Klaudyna Hebda Nature,OHL
Kleber,OHL
Klighten,OHL
Klipsch,OHL
Km Express,OHL
KneeGuardKids,OHL
Knipex,TCEE
Knott,OHL
Koanni,Softlines
Kochmanski,OHL
Kodak,OHL
Kol-pol,OHL
Koliber,OHL
Konighoffer,OHL
Konnwei,OHL
Kontrast,OHL
Kormoran,OHL
Koruma,OHL
Kospel,OHL
Koszyk-Zdrowia,OHL
Kowal Polska,OHL
Kozlusan,OHL
KrafTWele,OHL
Kraft,OHL
Kraft&Dele,OHL
Kram,OHL
Kratki,OHL
Krause,OHL
Krexus,TCEE
Krischner,OHL
Kross,TCEE
Kruger&Matz,TCEE
Krups,OHL
Kruzzel,OHL
Kubu?,OHL
Kuchnia Zdrowia,OHL
Kukirin,OHL
Kumho,OHL
Kuvings,OHL
L'Or al,OHL
L'Oreal,OHL
LAZYhome,OHL
LEDLUX,OHL
LEDSOURCE,OHL
LEGO,OHL
LEK-AM,OHL
LERTZ,OHL
LFP,TCEE
LG,OHL
LUNA 55,OHL
La Brasiliana,Consumables
La Millou,OHL
La Roche Posay,OHL
La Roche-Posay,OHL
LaCreativa,Consumables
Labo,OHL
Labra,TCEE
Laksol,OHL
Laktowit,OHL
Lanc me,Consumables
Lancome,Consumables
Landspider,OHL
Lanvigator,OHL
Laresar,OHL
Lattafa,Consumables
Launch,OHL
LauroCann,OHL
Lavazza,Consumables
Lavor,OHL
Lazur,OHL
Led Light,OHL
Ledlenser,OHL
Ledroom,OHL
Lefrosch,OHL
Lego,OHL
Lehmann,OHL
Lelani,OHL
Lelka,OHL
Lemberg,OHL
Lennylamb,OHL
Lenor,OHL
Lenovo,TCEE
Lescolton,OHL
Levoit,TCEE
Lewer,OHL
Lex,OHL
Lexar,TCEE
Lezyne,OHL
Lider,OHL
Lidlomix,TCEE
Limit,OHL
Linarem SiatkiSieci,OHL
Lincoln Electric,OHL
Lindt,OHL
Linis,OHL
Lionelo,OHL
Lipid Systems,Consumables
Liqui Moly,OHL
Lisap,OHL
Lisciani,OHL
Little Live Pets,OHL
Littlest Pet Shop,OHL
Logitech,OHL
Londa,OHL
Long4Lashes,OHL
Loreal,OHL
Lotos,OHL
Lotus,OHL
Love Iris,OHL
Lovege,OHL
Lovela,OHL
Lovense,OHL
Lovi,OHL
Lowrance,OHL
Loxon,OHL
Luca,OHL
Lucaffe,Consumables
Lucart,OHL
Lucze,OHL
Ludwik,OHL
Lumenix,OHL
Lumiled,OHL
Lund,OHL
Lupico,OHL
Lupilu,OHL
Luxolar,OHL
Lyapko,OHL
M ller's,OHL
M-FOLIE,OHL
M-Tac,OHL
M?ka ?owicka,OHL
M?yn Suwa?ki,OHL
MA Professional,OHL
MATERACE Z G R,OHL
MAX,OHL
MBG Line,OHL
MEMFLOW,OHL
MG Home,OHL
MGA,OHL
MIGOgroup,OHL
MINDOK,TCEE
MK Cafe,Consumables
MPM,OHL
MRM Chemicals,OHL
MSI,OHL
MTA,OHL
MTM,OHL
MUFART,OHL
Machine Studios,OHL
Mafell,OHL
Magcubic,TCEE
Magene,OHL
Magicbox,OHL
Magnat,TCEE
Magnum,OHL
Majestic Sport,OHL
Majster,OHL
Majster Polska,OHL
Majster Pro,OHL
Make It Real,OHL
Makita,OHL
MalPlay,OHL
Malatec,OHL
Maltec,OHL
Mamabrum,OHL
Mammotion,OHL
ManLife,OHL
Mannol,OHL
Manta,OHL
Maped,OHL
Mapei,OHL
Mapo Tea,OHL
Mar-Pol,OHL
MarBit,OHL
Mardom,OHL
Mareani,OHL
Marek,OHL
Marinex,OHL
Marioinex,OHL
Marshall,OHL
Martius,OHL
Marvis,OHL
Masseno,OHL
Master,OHL
Masterled,OHL
MatMay,OHL
Matador,OHL
Matchbox,OHL
Materazzi,OHL
Matisto,OHL
Matnox,OHL
Matrix,Consumables
Mattel,OHL
Maverick,OHL
Max-Tech,OHL
Maxblinds,OHL
Maxi Cosi,OHL
Maxpeedingrods,OHL
Maybelline,OHL
Mazda OE,OHL
Meaco,OHL
Mebel Elite,OHL
Mebelbos,OHL
Med plus,OHL
Medi Sleep,OHL
Medica Herbs,OHL
Mediderm,OHL
Medisept,OHL
Medivon,OHL
Mega-M,OHL
Meglio,OHL
Meike,OHL
Melissa & Doug,TCEE
Melitta,OHL
Melt,OHL
Menicon,OHL
Mercator Medical,OHL
Mercedes,OHL
Mercedes-Benz OE,OHL
Merci,TCEE
Mersjo,OHL
Merz Pharmaceuticals,OHL
MesMed,OHL
Mesoestetic,OHL
Meta,OHL
Metabo,OHL
Metal-Plast Wa?brzych,OHL
Meteor,OHL
Metz,OHL
MiGiris,OHL
Michelin,OHL
Microlife,OHL
Microsoft,TCEE
Mil-Tec,OHL
Milever,OHL
Milka,OHL
Millena,OHL
Millers Oils,Consumables
Milwaukee,OHL
Minecraft,OHL
Minelab,OHL
Minexo,OHL
Mink,OHL
Minn Kota,OHL
Miralex,OHL
Mirka,OHL
Misioo,OHL
Missha,OHL
Mistral,OHL
Misure,TCEE
Miuu,OHL
Mk Cafe,Consumables
Mlekovita,TCEE
Mobil,OHL
Moby System,OHL
Modebelle,OHL
Modern Home,OHL
Moderno Meble,OHL
Modu,OHL
Moje Auto,OHL
Molten,OHL
Moni-Pol,OHL
Monin,TCEE
Monopoly,OHL
Monster,OHL
Montana,OHL
Montibello,TCEE
Moomin Baby,Consumables
Moose Toys,OHL
Moovkee.,OHL
Moraj,OHL
Moschino,Consumables
Motohobby,OHL
Motorola,TCEE
Motul,OHL
Motus,OHL
Mountain Goat,Consumables
Mova,OHL
Movenpick,Consumables
Movino,OHL
Moza,OHL
Mozano,OHL
Mr. Ziggi,OHL
Mspa,TCEE
Muduko,OHL
Multi-Mam,OHL
Multigra,OHL
Multilaser,TCEE
Muralo,OHL
Mustela,OHL
MyBabyBottle,OHL
NAC,OHL
NARWAL,OHL
NAVITEL,OHL
NEO TOOLS,OHL
NIVEA,OHL
NIVEA Men,OHL
NKT,OHL
NM Revolution,TCEE
NOLLI,OHL
NORIMPEX,OHL
NOXy,OHL
Nan,OHL
Nanny,TCEE
Nanobauer,OHL
Nanolash,OHL
Narum,OHL
Nasza Ksi?garnia,OHL
Natex,OHL
Nato Defense,OHL
Natu Care,OHL
Natulim,OHL
Natur Produkt Pharma,OHL
Naturalne Suplementy,TCEE
Naturalnie Zdrowi,Consumables
Nature'S Protection,OHL
Nature's Sunshine,OHL
Natvita,OHL
Naughty Dog,OHL
Navitel,OHL
Neakasa,OHL
Nebu-Dose,OHL
Neno,OHL
Neo,OHL
Neo Tools,OHL
NeoAir,TCEE
Neonail,OHL
Nescafe,Consumables
Nestl ,OHL
Netflix,OHL
New Home,OHL
Nexen,OHL
Nice,OHL
Nicekids,OHL
Niepo?omicki Bartnik,OHL
Niimbot,TCEE
Nike,Softlines
Nikon,OHL
Nilfisk,OHL
Ninja,OHL
Nintendo,OHL
Nivel System,OHL
No brand in Allegro,OHL
No brand on Allegro,OHL
No-Pest,OHL
Noco,OHL
Nokian,OHL
Nokian Tyres,OHL
Nokta,OHL
Nord,Consumables
Nordic Naturals,OHL
Noris,OHL
Normet,OHL
Norsa Pharma,OHL
Norsan,OHL
North Bayou,TCEE
NostroCafe,Consumables
Nothing,TCEE
Now Foods,Consumables
Now foods,Consumables
Nowoczesne Materace,OHL
Nufarm,OHL
Nukido,OHL
Numark,TCEE
Numatic,OHL
Nuno,Consumables
Nutella,OHL
Nutrena,Consumables
Nutridrink,OHL
Nutrisslim,OHL
Nutrition Health Institute,OHL
NutroPharma,OHL
OPTIMAT,OHL
Oatly,OHL
Obdlink,OHL
Ocean,OHL
Ocean BNT,OHL
Oclean,OHL
Oculus,OHL
Ogniochron,OHL
Ogniwo,OHL
Okuma,OHL
Olaplex,OHL
Olczyk,OHL
Old Spice,OHL
Oleo-Mac,OHL
Oleofarm,OHL
Olight,OHL
Olimar,OHL
Olimp,OHL
Olini,Consumables
Olivia Garden,OHL
OlsiFood,Consumables
Omega Pharma,OHL
Omna,OHL
Omni-Biotic,OHL
Omron,OHL
Ondragon,OHL
OnePlus,TCEE
OneTeam,OHL
Oneplus,TCEE
Onyx Boox,OHL
Opalescence,OHL
Opharm,OHL
Oppo,TCEE
Optima Natura,Softlines
Optimanova,Consumables
Optimum Nutrition,OHL
Optoma,OHL
Opus,OHL
Oral B,OHL
Oral-B,OHL
Orchidea,OHL
Orijen,OHL
Orlen,OHL
Orlen Oil,OHL
Ornatum,OHL
Orno,OHL
Orsetto,OHL
OrthoVisions,Consumables
Osavi,OHL
Oscar Cook,OHL
Osprey,OHL
Osram,TCEE
OstroVit,OHL
Ostrovit,OHL
Otostick,OHL
Outtec,OHL
OverTrade,OHL
Overlord,OHL
Owolovo,OHL
Ozonmed,OHL
P.Shine,OHL
PAO Diod,Consumables
PASEBIKE,OHL
PLAYIO,OHL
POCO,TCEE
PPG,OHL
PPG Sigma Coatings,OHL
PPHU WOCHAL,TCEE
PREVION,OHL
PRIMA DERMA,Consumables
PRIMABIOTIC,Softlines
PRO X,OHL
PSG,TCEE
PTF,OHL
PUCCINI,OHL
PUVEROMEBLE,OHL
Paclan,OHL
Paco Rabanne,OHL
Pakova,OHL
Paladone,OHL
Palit,OHL
Pam-Folie,OHL
Pampers,Consumables
Pan Mi?sko,Consumables
PanKornik,OHL
Panasonic,OHL
Panini,OHL
Papito,Consumables
Pard,OHL
Parkside,OHL
Party Deco,OHL
Pasieka Kaszubska,OHL
Pasieka Rodzinna,OHL
Pasieka Sienkiewicz,OHL
Patriot,OHL
Patriot Memory,TCEE
Paysafecard,OHL
Pedigree,Consumables
Pedro's,Consumables
Pellini,Consumables
Pelltech,OHL
Peltor,Softlines
Pepsi,OHL
Per La Vita,OHL
Pereko,OHL
Perfect Fit,Consumables
Perfecto,Consumables
Perlux,OHL
Persil,OHL
Perwoll,OHL
Pet Republic,Consumables
PetBiom,OHL
PetSafe,OHL
Peterson,OHL
Petkit,OHL
Petronas,OHL
Pezal,OHL
Pharm Foot,OHL
Pharmaceris,OHL
Philips,OHL
Philips Avent,OHL
Physiogel,OHL
Physis of Crete,OHL
PiLeJe,OHL
Piast,OHL
Pierre Fabre,OHL
Pierzynki,OHL
Pilsan,OHL
Piper,Consumables
Pirelli,OHL
Pirolam,Consumables
Pitbull,OHL
Placo,OHL
Planika,OHL
Plantur,OHL
Plaud,TCEE
PlayHouse,OHL
Playio,OHL
Playmobil,OHL
Playstation,OHL
Pny,OHL
Pocketbook,OHL
Poco,OHL
Podkowa,OHL
Pok mon,OHL
Pokemon,OHL
Pokochaj Meble,TCEE
Pokusa,OHL
Polion,OHL
Poljet,OHL
Pollux,OHL
Polly Pocket,OHL
Polpharma,OHL
Polskie Rafinerie,OHL
Polspeed,OHL
Polynor,OHL
Polyphony Digital,OHL
Portal Games,OHL
Posciel-Hurt,OHL
Posnet,OHL
PowerColor,OHL
Powermat,OHL
Premiorri,OHL
Premium Light,OHL
Prevital,Consumables
Prima,Consumables
Prima Derma,OHL
Primabobo,OHL
Primal Spirit,Consumables
Prime,OHL
Prinz,OHL
Pro,OHL
ProBio Ko?o,OHL
ProBioBed,OHL
Proficare,OHL
Profimet,OHL
Prologic,OHL
Promienie S?o?ca,OHL
Promiler,OHL
Promis,OHL
Prosperplast,OHL
Provag,OHL
Proxxon,OHL
Psomar,OHL
Puccini,OHL
Puma,OHL
Pure Chemical,OHL
Purina,Consumables
Purina ONE,Consumables
Purina One,OHL
Purox,OHL
QEMETICA,OHL
QSTI,OHL
Qbrick,OHL
Qbrick system,OHL
Qmed,OHL
Qpharma,OHL
Qualitium,OHL
Queisser Pharma,OHL
Quest,OHL
QuickPC,OHL
R-sport,OHL
RANGERS,OHL
RAV,OHL
RD Stone,OHL
RED TECHNIC,OHL
REX,OHL
RGL,OHL
ROHSEL,OHL
RUCKEN,OHL
Rafi,Consumables
Raimondi,OHL
Rapeks,OHL
Ratimor,OHL
Rational,OHL
Rauch,OHL
Ravenol,OHL
Ravensburger,OHL
Raw Paleo,Consumables
Rayovac,OHL
Realme,TCEE
Rebel,OHL
Red Bull,OHL
Red-Ice,Consumables
RedSteel,OHL
Redats,OHL
Redmi,TCEE
Reeg,OHL
Reelu,OHL
RefectoCil,OHL
Regina,OHL
Regulus,OHL
Remington,OHL
Rems,OHL
Renew Force,OHL
Restilo,OHL
Revlon,OHL
Revolution,OHL
Rhino,OHL
Ribes,OHL
RicoKids,OHL
Rippey,OHL
Rituals,OHL
Riwall,OHL
Riwall Pro,OHL
Riwall Pro Home,OHL
RoadX,OHL
Roblox,OHL
Roborock,OHL
Robusto,OHL
Rockstar Games,OHL
Rode,OHL
Rohtenbach,OHL
Roko,OHL
Roland,OHL
Rollo,OHL
RoofLite+,OHL
Roshen,OHL
Rotenso,OHL
Rotex,OHL
Roto,OHL
Royal Canin,OHL
Royal Catering,OHL
Royal Tiger,OHL
Rubi,OHL
Ruhhy,OHL
Runner Athletix,OHL
Runpotec,OHL
Rutus,OHL
Ryobi,OHL
S&G Home,OHL
S?odkie Zdrowie,OHL
S?onik Jumbo,OHL
SEYSSO,OHL
SF,TCEE
SFD,TCEE
SHOW,OHL
SIATPOL,OHL
SILVER SHARKY,OHL
SKIMACOFFEE,Consumables
SKYN,OHL
SOSTA,OHL
SPI 55,OHL
SPORT BLAST,OHL
STR-CUT,OHL
SUNONE,OHL
SZERIDAN,OHL
SaeYang,OHL
Saeco,OHL
SafeMed,OHL
Salomon,Softlines
Salus,OHL
Salus Haus,Consumables
Salvitis,OHL
Samsung,OHL
SanDisk,OHL
Sanct Bernhard,OHL
Sandezia,OHL
Sandisk,OHL
Sanofi,OHL
Sanprobi,OHL
Sante,OHL
Santoemma,OHL
Sanytol,OHL
Sapphire,OHL
Satisfyer,OHL
Saunier duval,OHL
Savo,OHL
Sawyer,OHL
Sayus,OHL
Scala Plastics,OHL
Scandic,OHL
Sch lke,OHL
Schar,OHL
Scheppach,OHL
Schleich,OHL
Schuberth,OHL
Schwarzkopf,OHL
Science in Sport,OHL
Scoot and Ride,OHL
Scrabble,OHL
Seagate,OHL
Seagate Skyhawk,OHL
Segafredo,Consumables
Selectic,OHL
Semilac,OHL
Sena,OHL
Sendi,OHL
Seni,OHL
Sense7,OHL
SensePads,OHL
Sensei,OHL
Senus,OHL
Senzi Cosmetics,OHL
Sephora,OHL
Serenelife,OHL
Sesderma,OHL
Sevico,OHL
Seysso,OHL
Shav,OHL
Sheba,Consumables
Shell,OHL
Sherman,OHL
Shimano,OHL
Shure,OHL
Siarkopol,OHL
Sibionics,TCEE
Sicao,OHL
Siemens,OHL
Silkn,OHL
Silky,OHL
SilverCrest,TCEE
SilverTools,OHL
Silvercrest,TCEE
Simba,OHL
Simon,OHL
Simplicol,OHL
Simpsons Premium,OHL
Siver City,OHL
Skrzat,OHL
Skrzydlate,Consumables
Sky-Watcher,OHL
Skydd,OHL
Skyhawk,OHL
Skyn,OHL
Smart,TCEE
SmartGrove,Softlines
Smartled,OHL
Smartmax,TCEE
Smily Play,TCEE
Smith,OHL
Smith&Brown,OHL
Snuza,TCEE
SodaStream,OHL
Sodastream,OHL
Soflens,OHL
Softimi,OHL
Sokarnia Podlaska,OHL
Sol de Janeiro,OHL
Solgar,Consumables
SolidTape,OHL
Solidarno??,OHL
Solstro,OHL
Somat,OHL
Sonax,OHL
Sone,TCEE
Sonel,TCEE
Songmics,Consumables
Sonicare,OHL
Sonos,OHL
Sony,OHL
Sony Interactive Entertainment,OHL
Soppec,OHL
Sopro,OHL
Soudal,OHL
Soundcore,OHL
Soxo,OHL
Soyovo|diy,OHL
Spacecase,OHL
Spacetronik,OHL
Spalsadz,OHL
Spartus,OHL
Speedo,OHL
Spichlerz Zdrowia,OHL
Spin Master,OHL
Spomlek,OHL
SportRecord,OHL
Spotify,OHL
Spray-Kon,OHL
Spreest,TCEE
Springos,OHL
Stada,OHL
Stadler Form,OHL
Staleks,OHL
Stanley,OHL
Stapar,OHL
Stapiz,OHL
StarHouse Games,OHL
Starbucks,Consumables
Starlink,OHL
Starmix,OHL
Stator,OHL
Stazer,OHL
Steam,OHL
Steelfence,OHL
Steelseries,OHL
Stelge,OHL
Stella Green,OHL
Sterillhand,OHL
Stiga,OHL
Stihl,OHL
Storck,OHL
Storz & Bickel,OHL
Strefa Spania,OHL
Strotex,OHL
Sublix,OHL
Sucker Punch Productions,OHL
Sudocrem,OHL
Sumo Digital,OHL
SunDeposit,OHL
SunWood,OHL
Sunlu,OHL
Sunwide,OHL
Super Benek,OHL
SuperButelki,OHL
SuperLED,OHL
SuperThings,OHL
Supla,OHL
Sutricon,OHL
Svr,OHL
Swanson,OHL
Swarey,OHL
Swederm,Consumables
Swiffer,OHL
Swisso,Consumables
Synology,TCEE
Synoptis Pharma,OHL
Syntron,OHL
Syta Micha,Consumables
T?ocznia Szymanowice,OHL
TABSOL,OHL
TAVO,TCEE
TCL,OHL
TENA,OHL
THM,OHL
TM,OHL
TM Toys,OHL
TODOMI,OHL
TOPEX,OHL
TP-Link,OHL
TSP,OHL
Tableo,TCEE
Tactix,OHL
Tacx,OHL
Tagred,OHL
Tajfun,OHL
Task,OHL
Tassimo,OHL
Taste Of The Wild,OHL
Taste of the Wild,OHL
Taurus,OHL
Tchibo,Consumables
Tec2,OHL
Tece,OHL
Tech,OHL
Tech Sterowniki,OHL
Techlife,OHL
Technic,OHL
Teesa,OHL
Tefal,OHL
Tega Baby,OHL
Teka,OHL
Tekstylarium,OHL
Telinult,OHL
Tena,OHL
Teo&Gigi,TCEE
Termet,OHL
Termoplaza,OHL
Tesa,OHL
Tesori,OHL
Testo,Consumables
Tetis,OHL
TextileCare,OHL
Thank'Q,OHL
The Pokemon Company International,OHL
Thea,OHL
Thealoz,OHL
Thermomix,OHL
Thrustmaster,OHL
Thule,OHL
Thunder,OHL
Tigo,OHL
Tikkurila,OHL
Timex,OHL
Tiross,OHL
Titanium,OHL
Tivo,OHL
To-ma,OHL
ToTa!,OHL
Todomi,OHL
Tokachi,OHL
Tom Ford,Consumables
Tommy Cafe,Consumables
Tommy Hilfiger,OHL
Toolme,OHL
Toolsen,OHL
TopEshop,OHL
Topdon,TCEE
Tork,OHL
Toshiba,OHL
Total,OHL
Toyota OE,OHL
Toys4Boys,OHL
Tracer,TCEE
Tracmax,OHL
Trada,OHL
Transa Electronics,OHL
Trec,OHL
Trefl,OHL
Trex Sport,Softlines
Triangle,OHL
Trizand,OHL
TropiDog,OHL
Tropidog,OHL
Trzy ziarna,OHL
Tsunami,OHL
Tuf Tuf,Consumables
Tulano,OHL
Tuluszka,OHL
Tunap,OHL
Tw j Cel To,OHL
Twoja Pszcz ?ka,OHL
Tymbark,OHL
Tytan,OHL
U Babci Krysi,OHL
UNI-T,TCEE
USP Zdrowie,OHL
UVS Games,OHL
Ubieramy-meble,OHL
Ubiquiti,OHL
Ubisoft,OHL
Ugreen,OHL
Uknown,OHL
Ulanzi,OHL
Umarex,OHL
Under Armour,Softlines
Uni Posca,TCEE
Unicorn Academy,OHL
Unimil,OHL
Uniroyal,OHL
Universal Nutrition,OHL
Uppercut Deluxe,TCEE
Urbogym,OHL
Util-Pasz,Consumables
Utrai,OHL
VDO,OHL
VELACO,OHL
VIAKEN,OHL
VITAMMY,OHL
VOKSAR,OHL
VVENEZIA,OHL
Vakariten,OHL
Valberg,OHL
Valeant,OHL
Valentis,OHL
Valve,TCEE
Valvoline,OHL
Vanco,OHL
Vanish,OHL
Vans,OHL
Varta,OHL
Vasagle,OHL
Vasco,OHL
Vaspiatta,Consumables
Vayox,OHL
Vebiot,OHL
Velvet,Consumables
VelvetCARE,Consumables
Venom,OHL
Ventika,OHL
Verco,Consumables
Verda,OHL
Verde Mate,OHL
Vergnano,Consumables
Verotech,OHL
Versace,Consumables
Versele-Laga,OHL
Vess,TCEE
Vet Expert,Consumables
VetPlus,Consumables
Vetexpert,Consumables
Vetfood,Consumables
Vetouson,OHL
Vevor,OHL
Vgate,OHL
Viano,OHL
Vichy,OHL
Victor Reinz,OHL
Victoria Vynn,OHL
Victoria's Secret,OHL
Victorinox,OHL
Victron,TCEE
Victron energy,OHL
Videx,OHL
Viessmann,OHL
Vileda,OHL
Viofo,TCEE
Virone,OHL
Virpol,OHL
Vist,TCEE
Vist Gaming,TCEE
VitaFarm,OHL
Vitacolloids,OHL
Vitammy,OHL
Vivo,TCEE
Vizir,OHL
Voliotis Family,OHL
Volkswagen OE,OHL
Volt,OHL
Volt Polska,OHL
Vonmie,OHL
Vorel,OHL
Vorfal,OHL
Vortex,OHL
Vox,OHL
Voyar,OHL
Vredestein,OHL
W&K,OHL
W&M,OHL
WABROTECH,OHL
WARMWOOD,OHL
WD,OHL
WD-40,OHL
WEBTEX-1,OHL
WIELKA PAKA,Consumables
WMF,OHL
WOW! Stuff,OHL
Wafi,Consumables
Wagner,OHL
Wahoo,OHL
Walden,OHL
Walkingpad,OHL
Walter,OHL
Walther,OHL
Warmener,OHL
Warmi?ska Manufaktura,OHL
WaterWipes,OHL
Watermarket,OHL
Waterpik,OHL
WattCycle,OHL
Wavin,OHL
Wd-4,OHL
We Care About You,OHL
Webski,OHL
Wedel,Consumables
Weima,OHL
Weldman,OHL
Wella,Consumables
Welltec,OHL
Welmax,OHL
Weninger,OHL
Wertec,TCEE
West Caffee,Consumables
Western Digital,OHL
Whirlpool,OHL
Whiskas,Consumables
Wideshop,OHL
Wiejska Zagroda,Consumables
Wiim,OHL
Wilo,OHL
Winmau,OHL
Wipetech,OHL
Womar,OHL
Wonder Lashes,OHL
Woodcarver,OHL
Woolite,OHL
Woopie,OHL
Work Sharp,OHL
Woseba,Consumables
WowPaw,OHL
Wuber,OHL
Wurth,OHL
Wydawnictwo Naukowe PWN,OHL
XBAY,OHL
XGIMI,OHL
XMaster,OHL
Xbox,TCEE
Xerox,TCEE
Xfx,OHL
Xiaomi,TCEE
Xiaomi Tv,OHL
Xp,OHL
Xtreme,OHL
Xtrexo,OHL
YARA,OHL
YONELLE,OHL
Yamaha,OHL
Yankee Caffee,Consumables
Yanosik,OHL
YarnArt,TCEE
Yato,OHL
Ydolo,Consumables
Yodeyma,Consumables
Yoer,OHL
Yokohama,OHL
YoloDiem,OHL
York,OHL
Yoshi,OHL
Your Natural Side,OHL
Yves Saint Laurent,Consumables
Z.P.H. JAN,OHL
Z?biec,OHL
ZDZ,OHL
ZEIT,OHL
ZOONEST,OHL
ZTE,OHL
ZURU,OHL
ZWO,OHL
Zachem,OHL
Zagatto,Softlines
Zamel,OHL
Zarys,OHL
Zavida,Consumables
Zebra,TCEE
ZeeTech,TCEE
Zehnder,OHL
Zelletten,OHL
Zelmer,OHL
Zencar,OHL
Ziaja,Consumables
Zielana,OHL
Zilan,OHL
Zilner,OHL
Zintronic,TCEE
Zipro,OHL
Zotac,OHL
Zwieger,OHL
[B.Box](http://B.Box),OHL
[RENA.PL](http://RENA.PL),OHL
adidas,OHL
aga,OHL
arom ma,OHL
bez marki,OHL
cafe paradise,Consumables
click4TOYS,OHL
d ,OHL
davines,OHL
doppelherz,OHL
draVires,OHL
eHokery,OHL
eurovac,OHL
iLife,OHL
iLogic,TCEE
iNaturalni,Consumables
iRobot,OHL
iiyama,TCEE
memogames,OHL
porcello,OHL
reMarkable,OHL
tech globe,OHL
uwolnij kolory,OHL
x-kom,OHL
xhair,OHL
